Date,ADR_Close,TW_Close_USD
2020-01-02,53.628562927246094,10.031294859265932
2020-01-03,51.8599967956543,10.0272771271068
2020-01-06,51.26154708862305,9.761686773154743
2020-01-07,52.09223937988281,9.684308831645367
2020-01-08,52.476322174072266,9.704333170321872
2020-01-09,52.905059814453125,9.9316645484144
2020-01-10,52.5745735168457,10.012876943880139
2020-01-13,53.64643859863281,10.065474857049114
2020-01-14,53.87865447998047,10.228150917664905
2020-01-15,52.154754638671875,10.06695761843998
2020-01-16,52.476322174072266,9.86870638842941
2020-01-17,52.3244743347168,9.835622770472515
2020-01-30,49.841346740722656,9.28862861181452
2020-01-31,48.17995834350586,9.35589837383768
2020-02-03,48.92133331298828,9.166920720018123
2020-02-04,51.377662658691406,9.491087970212059
2020-02-05,51.734947204589844,9.631617219239653
2020-02-06,51.82427215576172,9.803803743882519
2020-02-07,50.19862747192383,9.645680433429883
2020-02-10,50.931060791015625,9.584060716601062
2020-02-11,52.395931243896484,9.749906096775998
2020-02-12,53.26234817504883,9.87817819001661
2020-02-13,52.994380950927734,9.891058316403567
2020-02-14,51.976112365722656,9.8663180494398
2020-02-18,50.18075942993164,9.47365096677397
2020-02-19,51.484859466552734,9.593581103978835
2020-02-20,50.4487190246582,9.52742802273292
2020-02-21,49.65376663208008,9.495797995848323
2020-02-24,48.34074020385742,9.299862367345678
2020-02-25,48.10850524902344,9.371864852948331
2020-02-26,49.153568267822266,9.24835537982001
2020-02-27,47.59938049316406,9.238032915402068
2020-03-02,50.00212097167969,9.117214435268043
2020-03-03,49.019588470458984,9.407386113913349
2020-03-04,50.98466110229492,9.507440197221255
2020-03-05,49.778812408447266,9.588041417738971
2020-03-06,49.189300537109375,9.308639241073887
2020-03-09,46.2952766418457,9.022770621561186
2020-03-10,48.689090728759766,9.041671734270624
2020-03-11,46.661502838134766,8.96768583261316
2020-03-12,43.490596771240234,8.634611149283316
2020-03-13,46.65256881713867,8.551543472906866
2020-03-16,40.10530471801758,8.110396250454315
2020-03-17,43.35660934448242,7.827532687221824
2020-03-18,39.63190460205078,7.645967647226764
2020-03-19,39.57509994506836,7.340660760016857
2020-03-20,40.15217208862305,7.940185202985028
2020-03-23,40.81040573120117,7.51194860788877
2020-03-24,44.06550598144531,7.894003024639869
2020-03-25,44.18272018432617,8.193603634168197
2020-03-26,44.967201232910156,8.252774980085157
2020-03-27,42.29819107055664,8.079036180942568
2020-03-30,43.11872863769531,7.906825130391657
2020-03-31,43.0916748046875,8.135901794476489
2020-04-01,41.937522888183594,8.008335044247586
2020-04-06,45.057369232177734,8.120947971816891
2020-04-07,44.831939697265625,8.389172169475282
2020-04-08,45.3278694152832,8.443684639864289
2020-04-09,43.57859802246094,8.392799512959053
2020-04-13,43.957298278808594,8.270622199300215
2020-04-14,45.65248107910156,8.513553580872891
2020-04-15,44.7778434753418,8.539316693827372
2020-04-16,47.24846649169922,8.542625079302777
2020-04-17,48.41162872314453,9.129198291751642
2020-04-20,47.41978073120117,9.025188432837005
2020-04-21,46.31971740722656,8.759455269372815
2020-04-22,47.7443962097168,8.710619677885227
2020-04-23,47.464874267578125,8.767296619295406
2020-04-24,47.546016693115234,8.780935176466965
2020-04-27,48.24934387207031,8.834119897712494
2020-04-28,47.57307434082031,8.838430489216144
2020-04-29,49.12397384643555,8.94525240739968
2020-04-30,47.90669250488281,9.163599856398466
2020-05-04,47.023048400878906,8.799600269031039
2020-05-05,46.62629699707031,8.898761724299815
2020-05-06,47.005008697509766,8.909304333135548
2020-05-07,47.18534851074219,8.843409645294955
2020-05-08,47.70832061767578,8.907849251826825
2020-05-11,47.24846649169922,8.994524298688237
2020-05-12,46.076271057128906,8.799894487097609
2020-05-13,45.91395568847656,8.89048413730477
2020-05-14,46.97795867919922,8.74023247932924
2020-05-15,44.904075622558594,8.8941458517784
2020-05-18,46.77056121826172,8.632839341888957
2020-05-19,45.81476593017578,8.681547510785853
2020-05-20,46.74352264404297,8.783877423529505
2020-05-21,45.76068878173828,8.878037626729691
2020-05-22,44.904075622558594,8.715072140375142
2020-05-26,45.823795318603516,8.771966813734053
2020-05-27,46.653350830078125,8.820149084348587
2020-05-28,45.33688735961914,8.731217951857568
2020-05-29,45.3819694519043,8.705165222561632
2020-06-01,46.01315689086914,8.799503671505954
2020-06-02,46.89680480957031,8.8621315504731
2020-06-03,47.84358596801758,8.985159943526169
2020-06-04,48.943641662597656,9.138419225880149
2020-06-05,49.773197174072266,9.306663053731336
2020-06-08,50.1068115234375,9.543135396720885
2020-06-09,51.044578552246094,9.59348642685022
2020-06-10,51.89215850830078,9.716768227586172
2020-06-11,49.62892532348633,9.670234111510679
2020-06-12,50.49454879760742,9.543498499283219
2020-06-15,50.5125732421875,9.314668400364447
2020-06-16,50.31420135498047,9.527821992868793
2020-06-17,51.03555679321289,9.526205941120793
2020-06-18,51.008296966552734,9.585549631714843
2020-06-19,50.24522399902344,9.551863815539008
2020-06-22,50.87204360961914,9.479134957038235
2020-06-23,51.56243896484375,9.618726088078102
2020-06-24,51.398929595947266,9.657989181535203
2020-06-29,51.22632598876953,9.499042449200576
2020-06-30,51.5715217590332,9.565289764389938
2020-07-01,51.616947174072266,9.707928577592611
2020-07-02,53.252113342285156,9.834913495011534
2020-07-06,56.21359634399414,10.31543871479248
2020-07-07,55.15073776245117,10.347172461311358
2020-07-08,56.85858917236328,10.397110773481986
2020-07-09,58.84803771972656,10.568832875080894
2020-07-10,58.003211975097656,10.679764357578252
2020-07-13,59.111480712890625,10.814594871774288
2020-07-14,60.82841873168945,11.091790960646234
2020-07-15,60.010826110839844,11.102278366454827
2020-07-16,60.492305755615234,10.900936734220728
2020-07-17,60.319698333740234,11.233712457307956
2020-07-20,60.76483154296875,11.168833506806173
2020-07-21,61.600582122802734,11.690383697237896
2020-07-22,62.254661560058594,11.738845429382431
2020-07-23,61.20088195800781,11.650649125343545
2020-07-24,67.13291931152344,11.790078678688566
2020-07-27,75.62672424316406,12.955334067405548
2020-07-28,69.87637329101562,13.399080341602346
2020-07-29,75.0998306274414,12.940113079640524
2020-07-30,72.61077117919922,13.332183409242013
2020-07-31,71.66597747802734,13.115444173488141
2020-08-03,71.7204818725586,12.756999680026155
2020-08-04,72.8469467163086,13.075983338088445
2020-08-05,74.15508270263672,13.175886680873095
2020-08-06,73.146728515625,13.326874019852532
2020-08-07,72.70158386230469,13.25159751022658
2020-08-10,72.55624389648438,13.30459899811197
2020-08-11,70.80298614501953,13.154311032196212
2020-08-12,72.12019348144531,12.845490322212967
2020-08-13,71.13001251220703,13.16185438127936
2020-08-14,71.22992706298828,13.081425062603884
2020-08-17,72.8469467163086,13.306962387282265
2020-08-18,72.13837432861328,13.266685716942165
2020-08-19,71.34801483154297,13.08969217463162
2020-08-20,69.77645874023438,12.680473719620274
2020-08-21,71.16635131835938,13.012774376932327
2020-08-24,71.67505645751953,13.088373667972474
2020-08-25,72.71067810058594,13.333415991616784
2020-08-26,74.26408386230469,13.56356895198587
2020-08-27,73.21939086914062,13.628804086283234
2020-08-28,73.07405090332031,13.333645899693517
2020-08-31,71.9930191040039,13.069406189416895
2020-09-01,74.08242797851562,13.340560970563718
2020-09-02,74.6456298828125,13.281263683022713
2020-09-03,73.74628448486328,13.378123438101888
2020-09-04,71.68414306640625,13.169586547208361
2020-09-08,70.23974609375,13.219150677558103
2020-09-09,72.1292724609375,13.122529493732527
2020-09-10,71.67505645751953,13.352862491830697
2020-09-11,71.60237884521484,13.404583694576067
2020-09-14,73.12854766845703,13.536578370749575
2020-09-15,77.9886474609375,13.733934322052908
2020-09-16,75.51771545410156,14.100289888249426
2020-09-17,74.79363250732422,13.890734416804957
2020-09-18,73.25957489013672,13.77870588395564
2020-09-21,73.58831024169922,13.709700148740975
2020-09-22,73.48786926269531,13.633285668328204
2020-09-23,71.15026092529297,13.494140387109049
2020-09-24,71.5703125,13.09544583390204
2020-09-25,72.02685546875,13.094196006782589
2020-09-28,72.83953094482422,13.331416147552014
2020-09-29,73.51522827148438,13.385431173194398
2020-09-30,74.02659606933594,13.545294414353508
2020-10-05,77.19512939453125,13.515619054993174
2020-10-06,75.89849090576172,13.837144327310304
2020-10-07,79.36835479736328,13.898051030896573
2020-10-08,80.1718978881836,14.308132952188032
2020-10-12,83.01170349121094,14.53532269510144
2020-10-13,81.8520278930664,14.59392795142361
2020-10-14,80.90239715576172,14.385728315200284
2020-10-15,80.49148559570312,14.255819163320991
2020-10-16,79.16744232177734,14.122562999162195
2020-10-19,79.95272827148438,14.370411991821708
2020-10-20,80.59193420410156,14.19520169969003
2020-10-21,80.02579498291016,14.353280170803423
2020-10-22,80.5462646484375,14.339730338582312
2020-10-23,80.63758850097656,14.242697796064988
2020-10-26,79.19485473632812,14.22829354123965
2020-10-27,79.17659759521484,14.126619301766915
2020-10-28,76.56507873535156,14.04300659401689
2020-10-29,77.51472473144531,13.817253807690573
2020-10-30,76.58335876464844,13.763849619789044
2020-11-02,78.26346588134766,13.769539887727497
2020-11-03,80.07144165039062,13.955788286125204
2020-11-04,81.67853546142578,14.2225212892963
2020-11-05,82.57337951660156,14.275545292189074
2020-11-06,83.46824645996094,14.333265278918146
2020-11-09,81.29502868652344,14.501107964273341
2020-11-10,80.0440673828125,14.238790977104541
2020-11-11,82.98429870605469,14.44755236450162
2020-11-12,82.0163803100586,14.518983199646692
2020-11-13,85.12100219726562,14.685294711937486
2020-11-16,90.6453857421875,15.358667941982848
2020-11-17,87.39468383789062,15.38730144396786
2020-11-18,88.5086669921875,15.759573818228153
2020-11-19,88.2164535522461,15.52181320191414
2020-11-20,87.04768371582031,15.481793581313433
2020-11-23,89.6043930053711,15.72975228598936
2020-11-24,88.24388122558594,15.59178022034174
2020-11-25,89.02001953125,15.46070502902624
2020-11-27,90.16141510009766,15.501164558615091
2020-11-30,88.59086608886719,15.22728395437425
2020-12-01,92.09723663330078,15.529052441033233
2020-12-02,90.89190673828125,15.838554688850227
2020-12-03,90.85540008544922,15.792820399328695
2020-12-04,94.71790313720703,16.01314946708283
2020-12-07,97.14680480957031,16.46326021694942
2020-12-08,96.46194458007812,16.913028172084264
2020-12-09,95.34793853759766,16.649715820552444
2020-12-10,95.17445373535156,16.38352328480781
2020-12-11,94.9918441772461,16.544497751345602
2020-12-14,94.56265258789062,16.29071074761409
2020-12-15,95.95972442626953,16.20268700592939
2020-12-16,96.0601806640625,16.468070882935848
2020-12-17,95.27340698242188,16.40948585646335
2020-12-18,95.62186431884766,16.466649438505943
2020-12-21,96.12619018554688,16.636122862527422
2020-12-22,95.31009674072266,16.427350214159876
2020-12-23,95.14503479003906,16.432722174198965
2020-12-24,97.17153930664062,16.462552546996804
2020-12-28,97.33660125732422,16.7405725882747
2020-12-29,96.79557800292969,16.640510830397304
2020-12-30,99.85828399658203,16.953012704309618
2020-12-31,99.98664855957031,17.147761015940734
2021-01-04,102.42578887939453,17.351776158020435
2021-01-05,103.40695190429688,17.516666409873825
2021-01-06,106.01116943359375,17.835560006225236
2021-01-07,111.3479232788086,18.437799633813736
2021-01-08,108.83541870117188,18.861694479720438
2021-01-11,112.42080688476562,18.930631860884525
2021-01-12,112.78759765625,19.155010677686082
2021-01-13,109.33057403564453,19.638692629731814
2021-01-14,115.95111083984375,19.18927212027148
2021-01-15,114.83242797851562,19.502650138388393
2021-01-19,120.3984375,20.349776139322838
2021-01-20,119.79322052001953,21.049442793208296
2021-01-21,123.02101135253906,21.91494797841557
2021-01-22,118.41779327392578,21.081430979496282
2021-01-25,119.6832275390625,20.56700490655277
2021-01-26,116.134521484375,20.06983054724032
2021-01-27,111.6321792602539,20.00621107828123
2021-01-28,115.38260650634766,19.54028262463676
2021-01-29,111.43046569824219,19.215426275955846
2021-02-01,116.14371490478516,19.817168086182924
2021-02-02,117.77591705322266,20.53546500967278
2021-02-03,116.91394805908203,20.538299551234235
2021-02-04,117.50997924804688,20.436100775418257
2021-02-05,117.17069244384766,20.570349239559686
2021-02-17,124.95582580566406,21.473823749564318
2021-02-18,123.45197296142578,21.469530564738818
2021-02-19,125.31344604492188,21.253375776669444
2021-02-22,122.47998809814453,21.15249596339461
2021-02-23,118.38111114501953,20.933424827685066
2021-02-24,121.31542205810547,20.381001821316485
2021-02-25,115.53849792480469,20.85702880055086
2021-02-26,115.48348236083984,19.822064874448163
2021-03-02,115.53849792480469,19.881527864471632
2021-03-03,112.68673706054688,20.363752977310046
2021-03-04,105.99280548095703,19.690430703689874
2021-03-05,110.7702407836914,19.624590334591456
2021-03-08,104.47064971923828,19.446569138904223
2021-03-09,106.71721649169922,19.10580736824742
2021-03-10,104.3789291381836,19.191062493480874
2021-03-11,110.56849670410156,19.611525249949782
2021-03-12,108.47781372070312,19.91446991087823
2021-03-15,109.19305419921875,19.715285238261526
2021-03-16,109.44063568115234,19.75805705467908
2021-03-17,109.30992889404297,19.506294828080247
2021-03-18,105.38892364501953,19.45473119136491
2021-03-19,104.588134765625,18.9734384538313
2021-03-22,107.85565948486328,19.050119294537502
2021-03-23,105.74788665771484,19.13448497253612
2021-03-24,100.28974914550781,18.492981966983255
2021-03-25,101.66117095947266,18.410513358177813
2021-03-26,107.28499603271484,18.875808505094174
2021-03-29,105.28765869140625,19.10864210299102
2021-03-30,105.91355895996094,19.083557481480113
2021-03-31,108.86811065673828,18.820900916464378
2021-04-01,114.86932373046875,19.347222710506344
2021-04-07,110.35000610351562,19.564742569190845
2021-04-08,113.60832977294922,19.71741579780372
2021-04-09,113.0284652709961,19.60687779515138
2021-04-12,111.27964782714844,19.357944421600877
2021-04-13,111.62020111083984,19.43048458111901
2021-04-14,111.22441101074219,19.641391043355014
2021-04-15,108.93255615234375,19.92214698614657
2021-04-16,109.38358306884766,19.693926369629903
2021-04-19,106.21730041503906,19.46125510226744
2021-04-20,105.80310821533203,19.517396257278516
2021-04-21,108.05813598632812,19.26235490800646
2021-04-22,106.1436538696289,19.261430424242604
2021-04-23,109.19947814941406,19.5456796495286
2021-04-26,111.85031127929688,19.843781122759648
2021-04-27,111.62020111083984,20.003626760797648
2021-04-28,110.13832092285156,19.678169406926642
2021-04-29,109.62287139892578,19.693407808465214
2021-05-03,106.71432495117188,19.255526834802026
2021-05-04,106.18047332763672,19.300057963617753
2021-05-05,106.19888305664062,19.125210423637196
2021-05-06,107.68997192382812,19.19623829949183
2021-05-07,107.53350830078125,19.54451493608628
2021-05-10,103.37318420410156,19.353401610670726
2021-05-11,103.87020874023438,18.776500585864905
2021-05-12,99.59942626953125,18.292282579198318
2021-05-13,100.09647369384766,17.799424160942547
2021-05-14,103.51123809814453,18.181270010023873
2021-05-17,101.06290435791016,17.905460657723836
2021-05-18,102.02012634277344,18.592890087894876
2021-05-19,103.45599365234375,18.488817059856054
2021-05-20,104.2659912109375,18.538269384164415
2021-05-21,102.94977569580078,18.694499946499658
2021-05-24,104.588134765625,18.532362859624012
2021-05-25,105.1864242553711,18.9787191218641
2021-05-26,106.76954650878906,19.175188403857575
2021-05-27,106.5578384399414,19.1819991727561
2021-05-28,108.02133178710938,19.362393005514473
2021-06-01,109.07981872558594,19.817712132718583
2021-06-02,109.48480987548828,19.671756354953082
2021-06-03,107.52429962158203,19.73185631538117
2021-06-04,110.00025939941406,19.64184699575573
2021-06-07,108.81290435791016,19.605126179676734
2021-06-08,106.69593811035156,19.444483104655387
2021-06-09,107.80962371826172,19.37061320162138
2021-06-10,108.83130645751953,19.663065251037835
2021-06-11,108.84053039550781,19.92074040077472
2021-06-15,109.94501495361328,20.094549465435414
2021-06-16,108.62879180908203,20.017322622565
2021-06-17,110.06185913085938,20.04864669415294
2021-06-18,106.98509979248047,19.94434937364075
2021-06-21,105.4605712890625,19.21620954539385
2021-06-22,105.63612365722656,18.937906665868624
2021-06-23,107.22532653808594,19.49294551312825
2021-06-24,108.32481384277344,19.270952195216072
2021-06-25,107.66883850097656,19.392571291053628
2021-06-28,110.51459503173828,19.387756836979253
2021-06-29,111.08747100830078,19.587060666454327
2021-06-30,111.02279663085938,19.544971604515908
2021-07-01,109.41510009765625,19.519816047618303
2021-07-02,109.86784362792969,19.312890629676822
2021-07-06,110.92115020751953,19.38183321460482
2021-07-07,109.25802612304688,19.49743395498841
2021-07-08,108.90691375732422,19.31108987091794
2021-07-09,111.39237213134766,19.125932220085666
2021-07-12,113.30494689941406,19.42693478411292
2021-07-13,114.4783935546875,19.879756373581703
2021-07-14,114.9311294555664,20.033262605572585
2021-07-15,108.59278106689453,20.103683717289886
2021-07-16,106.93889617919922,19.34524640911071
2021-07-19,106.57855987548828,19.052259661254013
2021-07-20,107.5487060546875,18.948193588151454
2021-07-21,108.90691375732422,19.13193227713686
2021-07-22,107.69654846191406,19.354079633799095
2021-07-23,107.9090576171875,19.13425504213503
2021-07-26,106.8557357788086,18.955418022666013
2021-07-27,104.90618133544922,18.93588614881797
2021-07-28,106.3198471069336,18.918945422435275
2021-07-29,107.31770324707031,19.134933754177432
2021-07-30,107.77046966552734,19.073391448159537
2021-08-02,107.97371673583984,19.347279022362358
2021-08-03,109.4058609008789,19.480674406344928
2021-08-04,109.71076202392578,19.5958173835732
2021-08-05,110.15428924560547,19.691693429365916
2021-08-06,109.22106170654297,19.518257443494942
2021-08-09,109.2303237915039,19.582625449221624
2021-08-10,107.51175689697266,19.4766716432162
2021-08-11,107.16989135742188,19.415348185266062
2021-08-12,106.90193939208984,19.30779074515725
2021-08-13,106.71714782714844,19.139607987746967
2021-08-16,105.91329193115234,19.230474557905364
2021-08-17,102.66097259521484,19.24313885854074
2021-08-18,102.05113983154297,18.83927097791865
2021-08-19,102.11583709716797,18.38464963218276
2021-08-20,99.89834594726562,18.04051696514402
2021-08-23,102.52237701416016,18.529147908674204
2021-08-24,103.58492279052734,18.772412638984367
2021-08-25,108.13079833984375,19.20463719341702
2021-08-26,109.11941528320312,19.505825214959685
2021-08-27,109.47978210449219,19.647686190357177
2021-08-30,109.94176483154297,19.875528886721636
2021-08-31,109.96023559570312,20.275798872300047
2021-09-01,111.29997253417969,20.3606250171666
2021-09-02,111.6048812866211,20.086372875224843
2021-09-03,114.54307556152344,20.549979684893188
2021-09-07,115.21755981445312,20.719536878898175
2021-09-08,112.6212387084961,20.543155256196798
2021-09-09,113.3511734008789,20.4841330806258
2021-09-10,113.61910247802734,20.614026304809624
2021-09-13,114.21968078613281,20.36662676137706
2021-09-14,113.72998809814453,20.308543934078834
2021-09-15,112.26091003417969,20.112539618813233
2021-09-16,112.06329345703125,19.987634184331057
2021-09-17,109.24291229248047,19.929676120599144
2021-09-22,107.49874877929688,19.446673321622136
2021-09-23,107.7956314086914,19.52340510610044
2021-09-24,107.28536224365234,19.868992945393472
2021-09-27,107.75850677490234,19.971596484622996
2021-09-28,103.81553649902344,19.758067945787108
2021-09-29,103.55579376220703,19.234031960798617
2021-09-30,103.5836181640625,19.18264828784118
2021-10-01,103.5001220703125,18.96770698614091
2021-10-04,101.14362335205078,18.957872912467238
2021-10-05,101.36629486083984,18.870638727818555
2021-10-06,101.44050598144531,18.845278242887854
2021-10-07,102.82286071777344,19.08752813323858
2021-10-08,102.08993530273438,18.911139179198706
2021-10-12,101.31061553955078,18.860899780501526
2021-10-13,102.0342788696289,18.67262797727621
2021-10-14,104.42787170410156,18.824495861728924
2021-10-15,106.56170654296875,19.71897973074456
2021-10-18,107.00700378417969,19.382642473493302
2021-10-19,108.50997924804688,19.74698893023681
2021-10-20,107.23896789550781,19.768099447563042
2021-10-21,107.88838958740234,19.716359709245598
2021-10-22,105.97722625732422,19.839765851079193
2021-10-25,105.42985534667969,19.59527592559031
2021-10-26,105.93084716796875,19.815461128705184
2021-10-27,105.53189086914062,19.82251803936619
2021-10-28,107.62863159179688,19.714118590948082
2021-10-29,105.4854965209961,19.576095593847512
2021-11-01,105.87516784667969,19.510365701720836
2021-11-02,105.86589813232422,19.587492486681505
2021-11-03,105.77312469482422,19.547134348728257
2021-11-04,109.28001403808594,19.43016840222047
2021-11-05,109.28931427001953,19.800192362749943
2021-11-08,112.17461395263672,19.897609394073204
2021-11-09,112.98176574707031,20.216073781291172
2021-11-10,109.660400390625,20.300199433420904
2021-11-11,109.651123046875,20.0811177300415
2021-11-12,110.114990234375,19.98410274135094
2021-11-15,109.58619689941406,20.13121889804346
2021-11-16,109.54907989501953,20.218401774863384
2021-11-17,110.4582748413086,20.1833486752116
2021-11-18,114.47544860839844,20.326475943948743
2021-11-19,115.28258514404297,20.443855573684154
2021-11-22,115.7371826171875,20.35442028897983
2021-11-23,112.59210968017578,20.272274001567116
2021-11-24,111.98904418945312,19.987178315248
2021-11-26,108.6305923461914,19.745687672734046
2021-11-29,110.66236877441406,19.583386026303618
2021-11-30,108.686279296875,19.75928068834927
2021-12-01,111.91484832763672,20.012275937343894
2021-12-02,112.90753173828125,20.493412013840118
2021-12-03,110.7087631225586,20.205841805285562
2021-12-06,110.53248596191406,19.955474141361396
2021-12-07,113.48274993896484,20.18683150791024
2021-12-08,113.00032043457031,19.960366066620868
2021-12-09,110.8664779663086,20.240943602170415
2021-12-10,110.523193359375,20.101127450426546
2021-12-13,108.0090103149414,20.0040695073849
2021-12-14,107.88838958740234,19.858526544799208
2021-12-15,111.70146179199219,19.864258223922786
2021-12-16,108.59553527832031,20.15430135828893
2021-12-17,108.3626480102539,20.20781570626981
2021-12-20,107.07703399658203,19.858480093892396
2021-12-21,109.40602111816406,19.83367911745506
2021-12-22,113.001953125,19.994585727618684
2021-12-23,112.42438507080078,20.208521637920384
2021-12-27,114.30618286132812,20.23166575075326
2021-12-28,113.7099609375,20.528875658043773
2021-12-29,113.10443115234375,20.673295802863205
2021-12-30,112.1821517944336,20.578159519778037
2022-01-03,119.98889923095703,21.048968529688246
2022-01-04,124.27418518066406,21.944235771145788
2022-01-05,118.36790466308594,21.829821976167274
2022-01-06,119.68146514892578,21.564908665821473
2022-01-07,115.05146026611328,21.21191050101738
2022-01-10,116.45816802978516,21.483467278055397
2022-01-11,120.33358001708984,21.79733032420967
2022-01-12,123.18424224853516,22.076199083089136
2022-01-13,129.6681365966797,22.1323992379894
2022-01-14,131.0375518798828,22.52733090270813
2022-01-18,124.67479705810547,22.307253547228015
2022-01-19,122.0477066040039,21.96359801982655
2022-01-20,119.55104064941406,21.83792203159537
2022-01-21,116.01099395751953,21.449447114288834
2022-01-24,117.3431625366211,21.7914254171533
2022-01-25,114.10123443603516,21.412074351839383
2022-01-26,114.6601791381836,21.218899209591363
2022-02-07,113.94287872314453,21.107810620309586
2022-02-08,115.2470932006836,20.855617973138095
2022-02-09,116.93325805664062,21.037394533230465
2022-02-10,116.17868041992188,21.58816149960783
2022-02-11,112.73179626464844,21.585919519902877
2022-02-14,111.57662963867188,21.093855755205414
2022-02-15,116.00167846679688,20.994659015675875
2022-02-16,115.14461517333984,21.457477444729932
2022-02-17,111.56731414794922,21.43188365521973
2022-02-18,111.14807891845703,21.146369085010956
2022-02-22,108.91227722167969,20.832588336016602
2022-02-23,107.97136688232422,20.747490941132178
2022-02-24,104.22635650634766,20.024982683608833
2022-02-25,103.62084197998047,19.886213637836438
2022-03-01,100.65839385986328,19.951327005548613
2022-03-02,102.11166381835938,19.801826108712504
2022-03-03,101.3477554321289,19.888891055861198
2022-03-04,97.8729248046875,19.601554981555488
2022-03-07,92.49765014648438,18.924689904954008
2022-03-08,93.15907287597656,18.39950326195141
2022-03-09,97.77044677734375,18.544878599039446
2022-03-10,96.8481674194336,19.18921758288293
2022-03-11,94.47261810302734,18.77521184694384
2022-03-14,92.50696563720703,18.604743189675624
2022-03-15,95.10609436035156,18.08573107728639
2022-03-16,98.9346694946289,18.170265521598044
2022-03-17,99.68354797363281,19.045209990154426
2022-03-18,99.89884948730469,19.1481008383521
2022-03-21,100.08604431152344,19.19165362130198
2022-03-22,100.19839477539062,19.057113712218754
2022-03-23,98.61641693115234,19.247045316096706
2022-03-24,101.02214050292969,19.21735801657167
2022-03-25,99.908203125,19.38267238233274
2022-03-28,99.53376770019531,18.917346919291724
2022-03-29,102.26714324951172,19.0032762021792
2022-03-30,99.908203125,19.463254741638515
2022-03-31,97.59607696533203,19.435662422779917
2022-04-01,96.22003936767578,19.11484337527998
2022-04-06,94.71295166015625,18.733308086807487
2022-04-07,94.0951156616211,18.298277806082357
2022-04-08,92.9437484741211,18.283948546153926
2022-04-11,91.33368682861328,17.936242098789844
2022-04-12,91.21198272705078,17.817760069327072
2022-04-13,95.01248168945312,18.325157158551065
2022-04-14,92.07318878173828,18.43390238332854
2022-04-18,92.45697784423828,17.896392135834724
2022-04-19,93.09349822998047,17.96044984020553
2022-04-20,92.6816635131836,18.094803774625156
2022-04-21,91.41793823242188,17.991550988670884
2022-04-22,89.56449127197266,17.69251226452736
2022-04-25,90.08867645263672,17.33071463069304
2022-04-26,86.84048461914062,17.368539348893208
2022-04-27,84.49091339111328,16.67122384089837
2022-04-28,89.13388061523438,16.78730024661701
2022-04-29,86.99024200439453,16.963557308500484
2022-05-03,87.64550018310547,16.72472804792106
2022-05-04,89.85468292236328,16.85494358942577
2022-05-05,86.2601089477539,17.21400053919781
2022-05-06,85.77333068847656,16.561656100671815
2022-05-09,81.7200927734375,16.286902291449437
2022-05-10,83.14293670654297,16.169180692100035
2022-05-11,82.21623229980469,16.322788265305466
2022-05-12,82.08517456054688,15.796308600267283
2022-05-13,85.14615631103516,15.912969925593481
2022-05-16,84.63131713867188,16.214715378711052
2022-05-17,87.35533142089844,16.565524083213628
2022-05-18,84.74365234375,16.875833383477325
2022-05-19,84.444091796875,16.299956838029736
2022-05-20,84.9776840209961,16.6278679417936
2022-05-23,85.65165710449219,16.50240666923051
2022-05-24,83.04934692382812,16.37526790357806
2022-05-25,84.63131713867188,16.477928603002134
2022-05-26,85.18360900878906,16.230350125913546
2022-05-27,87.77654266357422,16.79095320843593
2022-05-31,89.20877075195312,18.037988066352263
2022-06-01,88.69392395019531,17.585769797372297
2022-06-02,90.18229675292969,17.21624100340907
2022-06-06,87.15876007080078,17.0797938366674
2022-06-07,87.84207153320312,16.909962131911147
2022-06-08,87.49573516845703,17.180568927608256
2022-06-09,85.04319763183594,17.066204668659186
2022-06-10,83.01190185546875,16.63618647078699
2022-06-13,80.08195495605469,16.16597703678895
2022-06-14,81.61713409423828,16.046708638740377
2022-06-15,83.4331283569336,15.981340320352444
2022-06-16,79.53450775146484,16.130768415967918
2022-06-17,79.9862060546875,15.752602693410655
2022-06-21,81.8211669921875,15.874630624970543
2022-06-22,79.9015121459961,15.533578196575101
2022-06-23,79.1581039428711,15.27774779391478
2022-06-24,80.85192108154297,15.339510452058713
2022-06-27,80.79546356201172,15.675050590279882
2022-06-28,79.36511993408203,15.783939074761586
2022-06-29,78.7158203125,15.451187565765794
2022-06-30,76.92790222167969,14.98218299178731
2022-07-01,72.45809173583984,14.278468507591397
2022-07-05,71.62059020996094,14.026105814098331
2022-07-06,71.10302734375,13.654183925054364
2022-07-07,75.8927993774414,14.340434068442876
2022-07-08,76.70207214355469,14.655926996604892
2022-07-11,74.4436264038086,14.499010521253263
2022-07-12,74.43421173095703,14.054194705126175
2022-07-13,76.49503326416016,14.709897858973202
2022-07-14,78.7346420288086,14.899981077738456
2022-07-15,80.57901763916016,15.370077358717303
2022-07-18,78.64997100830078,15.467685517732521
2022-07-19,81.0683822631836,15.373983355025
2022-07-20,81.45418548583984,15.516921460086747
2022-07-21,82.61161804199219,15.655231949359164
2022-07-22,81.22834777832031,15.71793686956554
2022-07-25,81.20953369140625,15.650104161419767
2022-07-26,79.4404067993164,15.495072597292497
2022-07-27,82.4610824584961,15.665718569191757
2022-07-28,83.38325500488281,15.666451206598738
2022-07-29,83.26094055175781,15.886977339308991
2022-08-01,81.21893310546875,15.68530032602679
2022-08-02,80.97427368164062,15.22758903236575
2022-08-03,81.40713500976562,15.610512170126214
2022-08-04,83.20446014404297,15.591997849948825
2022-08-05,84.47484588623047,16.085729658262647
2022-08-08,82.75279235839844,15.964604908443443
2022-08-09,80.18380737304688,15.87271923777515
2022-08-10,83.4397201538086,15.547342237850721
2022-08-11,84.23958587646484,16.045506395239688
2022-08-12,85.50054931640625,16.118193926032248
2022-08-15,86.16867065429688,16.308683821826392
2022-08-16,84.64422607421875,16.349372406497125
2022-08-17,83.93844604492188,16.43297969479288
2022-08-18,84.00434112548828,16.219090396591817
2022-08-19,82.0564193725586,16.167374924522033
2022-08-22,80.21205139160156,15.88134012692974
2022-08-23,80.95545196533203,15.617784094876155
2022-08-24,80.5131607055664,15.567009481552045
2022-08-25,82.40460205078125,15.703534432899879
2022-08-26,79.74154663085938,15.836096908070825
2022-08-29,77.96302032470703,15.371188334063472
2022-08-30,77.90656280517578,15.250287377293883
2022-08-31,78.43352508544922,15.491959597676267
2022-09-01,76.82439422607422,15.098731056410426
2022-09-02,76.12804412841797,14.824111930185055
2022-09-06,75.30935668945312,14.879253261158325
2022-09-07,75.23406982421875,14.324581639793282
2022-09-08,75.50696563720703,14.377455051838757
2022-09-12,77.30431365966797,14.724487913994343
2022-09-13,74.16130065917969,14.905275369565402
2022-09-14,74.96119689941406,14.402315490481522
2022-09-15,73.7952880859375,14.40268292227737
2022-09-16,73.71012115478516,14.196755393626614
2022-09-19,74.0318832397461,14.028844217248482
2022-09-20,73.9561767578125,14.28634672226448
2022-09-21,73.0003662109375,14.113787989796151
2022-09-22,71.57140350341797,13.869886683480445
2022-09-23,69.90586853027344,13.548181958049131
2022-09-26,69.09200286865234,13.189403178854356
2022-09-27,69.11092376708984,13.220402247198688
2022-09-28,68.25923919677734,12.985700454909434
2022-09-29,65.5621566772461,12.898384526091219
2022-09-30,64.88079833984375,12.528936607561302
2022-10-03,65.53379821777344,12.313337748608891
2022-10-04,68.90274810791016,12.67537219722761
2022-10-05,70.4831314086914,13.212836598514997
2022-10-06,70.36007690429688,13.435381127561982
2022-10-07,66.0069580078125,13.041696241889959
2022-10-11,60.0450325012207,11.859452008640925
2022-10-12,60.669612884521484,11.729307320439878
2022-10-13,63.044921875,11.6742849678777
2022-10-14,60.489810943603516,12.148278588624551
2022-10-17,61.40775680541992,11.664453918660968
2022-10-18,60.29107666015625,11.948548335884873
2022-10-19,60.24375534057617,11.600420537720193
2022-10-20,60.168060302734375,11.610124466479855
2022-10-21,60.32892990112305,11.397022553709922
2022-10-24,58.000946044921875,11.293610062075958
2022-10-25,57.85899353027344,10.782696491811953
2022-10-26,57.57508850097656,10.956598957282187
2022-10-27,57.67919158935547,11.32624642964023
2022-10-28,58.68230438232422,11.122090315575937
2022-10-31,58.24699020385742,11.404547037640471
2022-11-01,58.275386810302734,11.400944527269697
2022-11-02,57.27226638793945,11.547163000049638
2022-11-03,57.045143127441406,11.18260543072807
2022-11-04,59.1270866394043,11.158097421312233
2022-11-07,59.392059326171875,11.445532647318077
2022-11-08,61.53078079223633,11.764439033203615
2022-11-09,61.5118522644043,12.31845014082009
2022-11-10,67.0384521484375,11.99171721082663
2022-11-11,69.8680191040039,13.203260605215403
2022-11-14,68.8932876586914,13.43862689248382
2022-11-15,76.1422119140625,14.593020001812935
2022-11-16,75.18640899658203,14.715321822961055
2022-11-17,77.10749053955078,14.675665918804903
2022-11-18,77.85507202148438,14.740934714575495
2022-11-21,75.6406478881836,14.549119961822742
2022-11-22,78.110595703125,14.811404512177415
2022-11-23,77.57117462158203,14.852924361639847
2022-11-25,77.03176879882812,15.128507096949741
2022-11-28,74.96875,14.589566574230082
2022-11-29,75.07284545898438,14.749920122420312
2022-11-30,78.52699279785156,14.869605049512419
2022-12-01,78.24309539794922,15.210119445710033
2022-12-02,77.12639617919922,15.12049075078245
2022-12-05,77.23995208740234,15.037517081537999
2022-12-06,75.29049682617188,14.6872268986647
2022-12-07,74.98767852783203,14.561458300645
2022-12-08,76.46397399902344,14.452508623909276
2022-12-09,76.35986328125,14.843333374031118
2022-12-12,76.11380767822266,14.532897921178519
2022-12-13,76.18953704833984,14.432251947074683
2022-12-14,75.72582244873047,14.745707686432407
2022-12-15,73.86143493652344,14.887358734239768
2022-12-16,72.61473083496094,14.438753957160367
2022-12-19,72.42436981201172,14.319022019851406
2022-12-20,71.96755981445312,14.035974559267505
2022-12-21,73.41413879394531,14.110274223261719
2022-12-22,71.64398193359375,14.40804763205027
2022-12-23,71.2728042602539,13.980028185822915
2022-12-27,70.73033905029297,14.051078248979563
2022-12-28,69.53120422363281,13.865199896593008
2022-12-29,72.32921600341797,13.708850760400692
2022-12-30,70.89215087890625,13.807219651744633
2023-01-03,70.454345703125,13.927593010881537
2023-01-04,72.63375854492188,13.851459004788175
2023-01-05,72.07225799560547,14.111438435984052
2023-01-06,74.2992172241211,14.141391447083016
2023-01-09,76.43103790283203,14.865204254776312
2023-01-10,77.34467315673828,15.068790092155957
2023-01-11,77.83003234863281,15.036793892392987
2023-01-12,82.79790496826172,15.097673360508953
2023-01-13,82.6075668334961,15.572650260741105
2023-01-17,84.69178009033203,15.664279477981786
2023-01-30,88.6318359375,16.950743176292697
2023-01-31,88.25114440917969,16.382368683052267
2023-02-01,90.1640625,16.668886857471815
2023-02-02,91.98180389404297,17.269775283816024
2023-02-03,90.08792114257812,17.327872611859743
2023-02-06,87.39462280273438,16.57907609389239
2023-02-07,89.98323822021484,16.466661567399125
2023-02-08,89.72627258300781,16.98559955606508
2023-02-09,92.0198745727539,16.977457458535334
2023-02-10,90.76364135742188,17.15664396915668
2023-02-13,91.46788787841797,16.930391392359848
2023-02-14,93.22854614257812,17.033448218165848
2023-02-15,88.27969360351562,16.392799811842213
2023-02-16,86.43338775634766,16.457472615145427
2023-02-17,85.74818420410156,16.17192856694776
2023-02-21,83.40699768066406,16.05033347586076
2023-02-22,82.63611602783203,15.708307842162423
2023-02-23,85.7291488647461,16.05396376004407
2023-02-24,83.85429382324219,15.937583225661953
2023-03-01,84.14930725097656,16.087926571016464
2023-03-02,84.72985076904297,16.040007469445673
2023-03-03,85.45314025878906,15.926028417229395
2023-03-06,85.25328826904297,16.134604707302355
2023-03-07,84.55855560302734,16.186962207236807
2023-03-08,86.44291687011719,16.015038148463354
2023-03-09,84.58710479736328,16.04656084025446
2023-03-10,83.03582763671875,15.724294070115933
2023-03-13,83.50215148925781,15.808657698883204
2023-03-14,84.97731018066406,15.816561848605682
2023-03-15,82.51239776611328,15.887219872489734
2023-03-16,85.42923736572266,15.712693804929234
2023-03-17,85.59186553955078,16.101884097586023
2023-03-20,86.13716125488281,15.8795055022068
2023-03-21,88.49052429199219,16.09344845200648
2023-03-22,88.6053237915039,16.60560271798786
2023-03-23,90.48994445800781,16.833231430013097
2023-03-24,88.76795196533203,16.983145362012714
2023-03-27,86.73027801513672,16.63010381371605
2023-03-28,86.87377166748047,16.528314385789542
2023-03-29,88.7392578125,16.58565290377415
2023-03-30,88.46183013916016,16.64830350918763
2023-03-31,88.98796844482422,16.675687066872644
2023-04-06,86.32848358154297,16.47932026723415
2023-04-10,85.16136169433594,16.528216277886887
2023-04-11,85.37181091308594,16.30269416075303
2023-04-12,83.10456085205078,16.20069478279621
2023-04-13,83.27677154541016,15.906576410621362
2023-04-14,83.42024993896484,16.091333254912247
2023-04-17,84.17601776123047,16.186833880103265
2023-04-18,84.31950378417969,16.051978999851002
2023-04-19,83.44895935058594,15.903755870603021
2023-04-20,85.41967010498047,15.952463032726449
2023-04-21,81.66959381103516,15.878934511655753
2023-04-24,80.97122955322266,15.720838647959184
2023-04-25,78.72309112548828,15.468541756129522
2023-04-26,78.68482208251953,15.206110684096327
2023-04-27,80.04326629638672,15.300588552159198
2023-04-28,80.64595794677734,15.56488726846616
2023-05-02,79.3640365600586,15.482318038630252
2023-05-03,79.11530303955078,15.314844924512723
2023-05-04,79.8710708618164,15.430788220552861
2023-05-05,81.28692626953125,15.502318119996215
2023-05-08,81.83219909667969,15.651837318588859
2023-05-09,81.37300872802734,15.832993378217676
2023-05-10,81.21995544433594,15.584190546433758
2023-05-11,79.81368255615234,15.478133718627582
2023-05-12,79.81368255615234,15.34323172061881
2023-05-15,81.94701385498047,15.27199776293569
2023-05-16,82.157470703125,15.598719111443435
2023-05-17,86.94074249267578,16.013034852626333
2023-05-18,88.634033203125,16.345254306235404
2023-05-19,88.56705474853516,16.460932238761668
2023-05-22,87.74433135986328,16.46771226992608
2023-05-23,86.51982879638672,16.414716985686145
2023-05-24,86.22325134277344,16.183641012743436
2023-05-25,96.57424926757812,16.736881792844862
2023-05-26,98.73628997802734,17.473373649174793
2023-05-30,97.55960083007812,17.601437332390237
2023-05-31,94.3165512084961,17.338289649148287
2023-06-01,94.55570220947266,17.0735199826629
2023-06-02,94.6513671875,17.450299438169488
2023-06-05,93.79995727539062,17.185634835436993
2023-06-06,95.49321746826172,17.352454577563954
2023-06-07,95.94285583496094,17.608389101167287
2023-06-08,95.60803985595703,17.28362937089211
2023-06-09,98.34405517578125,17.50738960834867
2023-06-12,102.41940307617188,17.777448657851345
2023-06-13,102.1706771850586,18.33582050342184
2023-06-14,102.7542495727539,18.322589562988977
2023-06-15,101.04235076904297,18.347601162161094
2023-06-16,100.45633697509766,18.33203969073291
2023-06-20,99.88956451416016,18.06368140380584
2023-06-21,97.64161682128906,17.9077851209888
2023-06-26,96.17179870605469,17.667085606092538
2023-06-27,98.06429290771484,17.601557672165992
2023-06-28,96.94992065429688,17.669080686691053
2023-06-29,96.68095397949219,17.602520489726732
2023-06-30,96.94992065429688,17.66010709416886
2023-07-03,99.09220123291016,17.73572963832148
2023-07-05,97.01717376708984,17.866631414041468
2023-07-06,95.49933624267578,17.26354418714719
2023-07-07,96.28707885742188,17.206947892752684
2023-07-10,95.84516143798828,17.244324220825312
2023-07-11,97.27655792236328,17.553854620138388
2023-07-12,99.81269836425781,17.63742421208817
2023-07-13,101.41700744628906,17.98430535868606
2023-07-14,101.00392150878906,18.213362826226156
2023-07-17,100.66768646240234,18.217952445578323
2023-07-18,99.09220123291016,17.90969434723506
2023-07-19,99.00574493408203,17.93693349838218
2023-07-20,94.01030731201172,17.794404026142153
2023-07-21,93.42430877685547,17.21352351963215
2023-07-24,94.38497161865234,16.996420052456045
2023-07-25,96.37353515625,17.3436568225131
2023-07-26,95.49933624267578,17.326389538285284
2023-07-27,95.44170379638672,17.39144079917258
2023-07-28,96.89229583740234,17.284734196617254
2023-07-31,95.24957275390625,17.192349751774277
2023-08-01,94.52906036376953,17.22825506834926
2023-08-02,91.93527221679688,16.940147163163704
2023-08-04,92.37718200683594,16.704719238972668
2023-08-07,92.5597152709961,16.819217435089765
2023-08-08,90.77287292480469,16.631272602160653
2023-08-09,90.2829360961914,16.623284980401017
2023-08-10,91.07068634033203,16.578368215675905
2023-08-11,88.37122344970703,16.41111021910758
2023-08-14,89.40874481201172,16.183073898070173
2023-08-15,88.07342529296875,16.20790291843956
2023-08-16,88.16950225830078,16.227790273000412
2023-08-17,88.03500366210938,16.263227596237947
2023-08-18,87.51624298095703,16.122030509062423
2023-08-21,88.9188003540039,16.05939362313489
2023-08-22,88.61138153076172,16.171816632972337
2023-08-23,90.51349639892578,16.469261814846114
2023-08-24,88.8899917602539,16.891307391010233
2023-08-25,89.43756103515625,16.373660254280775
2023-08-28,90.30216217041016,16.464707155555157
2023-08-29,91.33967590332031,16.55156075520885
2023-08-30,91.05146026611328,16.66823091629167
2023-08-31,89.88907623291016,16.47154221376799
2023-09-01,89.52401733398438,16.436891117341055
2023-09-05,90.87854766845703,16.53088352024366
2023-09-06,88.63059997558594,16.446875037738057
2023-09-07,86.5075454711914,16.192726548823682
2023-09-08,86.1136703491211,16.054083209169544
2023-09-11,86.07524871826172,15.938062202691986
2023-09-12,86.9206314086914,16.26643878792661
2023-09-13,87.63151550292969,16.147733917356582
2023-09-14,88.32775115966797,16.54356479949633
2023-09-15,86.18401336669922,16.79789510501313
2023-09-18,85.77843475341797,16.251386609177757
2023-09-19,85.14110565185547,16.180792144176504
2023-09-20,84.29134368896484,16.049553371468377
2023-09-21,82.42764282226562,15.795287799068067
2023-09-22,82.69801330566406,15.582578259573182
2023-09-25,83.27740478515625,15.675546414919525
2023-09-26,81.39440155029297,15.510013123315916
2023-09-27,82.5048828125,15.557502800009907
2023-09-28,83.44157409667969,15.569896067615238
2023-10-02,84.63898468017578,15.858149332892298
2023-10-03,82.4759292602539,15.70903222256517
2023-10-04,83.69264221191406,15.439428838445027
2023-10-05,84.0402603149414,15.686909210503932
2023-10-06,86.2226333618164,15.848698538155677
2023-10-11,88.83953857421875,16.30094461614313
2023-10-12,89.24510955810547,16.45878031114951
2023-10-13,87.3524398803711,16.49166144914338
2023-10-16,88.08633422851562,16.240416128535376
2023-10-17,87.87390899658203,16.42349236705004
2023-10-18,86.52198028564453,16.02665721007269
2023-10-19,89.71829223632812,16.16956668881239
2023-10-20,88.1732406616211,16.48963332524756
2023-10-23,87.98011016845703,16.14187671963415
2023-10-24,88.49190521240234,16.189948161487745
2023-10-25,84.62931823730469,16.20603630501233
2023-10-26,84.44583892822266,15.732634363460956
2023-10-27,83.03599548339844,15.802330651912229
2023-10-30,83.10359954833984,15.745872962372262
2023-10-31,83.34500122070312,15.737919337210943
2023-11-01,84.78382873535156,15.632831996699876
2023-11-02,87.37175750732422,16.20843737010132
2023-11-03,88.63674926757812,16.377871743186976
2023-11-06,89.41893005371094,16.44329012068886
2023-11-07,89.23545837402344,16.586264119590076
2023-11-08,88.83953857421875,16.627440534853367
2023-11-09,88.47258758544922,16.58713183807524
2023-11-10,94.0926513671875,16.567845392499784
2023-11-13,93.10769653320312,16.935812182600433
2023-11-14,95.51215362548828,17.018768199801674
2023-11-15,95.40592956542969,17.376812106089425
2023-11-16,95.15486907958984,17.47389100190183
2023-11-17,96.15914916992188,17.47767020571891
2023-11-20,96.52607727050781,17.44332058630175
2023-11-21,95.02933502197266,17.835053137309036
2023-11-22,95.26109313964844,17.643861892738602
2023-11-24,94.46925354003906,17.4492200558666
2023-11-27,93.87056732177734,17.22480964044283
2023-11-28,94.6141128540039,17.4984823191956
2023-11-29,95.4831771850586,17.60937289386244
2023-11-30,93.96712493896484,17.8170693734904
2023-12-01,95.16453552246094,17.705019608472533
2023-12-04,93.67742919921875,17.656234967451724
2023-12-05,93.3684310913086,17.402299821742208
2023-12-06,94.48857116699219,17.3512781613973
2023-12-07,95.87910461425781,17.24423307340195
2023-12-08,96.9026870727539,17.400416670738046
2023-12-11,97.48207092285156,17.532284681748866
2023-12-12,98.1097412109375,17.700390638746285
2023-12-13,98.61189270019531,17.588306238257886
2023-12-14,100.36697387695312,18.014364893667622
2023-12-15,99.48410034179688,18.09137154444702
2023-12-18,99.86248016357422,17.99701288843661
2023-12-19,100.77445983886719,17.981410296314742
2023-12-20,97.0586166381836,18.04178892830187
2023-12-21,99.4937973022461,17.772330554062552
2023-12-22,100.07591247558594,17.993573727861538
2023-12-26,101.3371810913086,18.159915198166672
2023-12-27,101.53121185302734,18.450615803051512
2023-12-28,101.57972717285156,18.540083341423433
2023-12-29,100.90059661865234,18.629286493917554
2024-01-02,98.50419616699219,18.647145106102744
2024-01-03,97.18472290039062,18.05162151813439
2024-01-04,96.17571258544922,18.01902512925428
2024-01-05,96.64141082763672,17.887785451230986
2024-01-08,99.19303894042969,18.164837270844863
2024-01-09,98.85346984863281,18.395595558903242
2024-01-10,97.79594421386719,18.132081364390043
2024-01-11,98.20343780517578,18.1610238478956
2024-01-12,98.22284698486328,18.23015501360006
2024-01-16,98.6400146484375,17.930591218773472
2024-01-17,99.8818588256836,17.811342133645127
2024-01-18,109.66148376464844,17.97764551693094
2024-01-19,110.79660034179688,19.116374922768344
2024-01-22,109.66148376464844,19.236249092174315
2024-01-23,110.72869110107422,19.30742911318869
2024-01-24,113.0474624633789,19.260105484670678
2024-01-25,113.08626556396484,19.785786924555744
2024-01-26,113.76541137695312,19.83284889785218
2024-01-29,113.49376678466797,19.982767864891862
2024-01-30,112.60116577148438,19.85367488931598
2024-01-31,109.59356689453125,19.436872220231432
2024-02-01,110.01074981689453,19.383434813393915
2024-02-02,112.3004150390625,19.60639441178714
2024-02-05,115.24982452392578,19.88758103284751
2024-02-15,125.18464660644531,21.44444311926717
2024-02-16,122.91436767578125,21.069094358505925
2024-02-20,121.59489440917969,21.098405806115547
2024-02-21,121.6046142578125,20.930336896155396
2024-02-22,125.22345733642578,21.235599552136044
2024-02-23,125.66971588134766,21.370198148015078
2024-02-26,126.74665832519531,21.300630731152136
2024-02-27,124.75775146484375,21.336616405506327
2024-02-29,124.83535766601562,21.025960587041922
2024-03-01,129.9095001220703,21.017400033411135
2024-03-04,134.1395721435547,22.15451679972673
2024-03-05,130.9476318359375,22.342702773640692
2024-03-06,137.35093688964844,22.47348252989513
2024-03-07,144.75352478027344,23.29438383317174
2024-03-08,142.00787353515625,24.052321452581925
2024-03-11,134.8769073486328,23.48650265638919
2024-03-12,140.09657287597656,23.67750018625145
2024-03-13,137.9039306640625,23.92632833382355
2024-03-14,135.45901489257812,24.073916695776973
2024-03-15,132.897705078125,23.03444135937345
2024-03-18,133.10618591308594,23.422337542950302
2024-03-19,131.38198852539062,23.333484477693258
2024-03-20,133.21331787109375,23.14560514666262
2024-03-21,135.843505859375,23.91555018033285
2024-03-22,136.9053192138672,23.85532219254584
2024-03-25,136.6033172607422,23.664782053685638
2024-03-26,135.24928283691406,23.875736600280508
2024-03-27,133.15489196777344,23.67128230528298
2024-03-28,132.5314483642578,23.298657029623982
2024-04-01,137.8307647705078,23.362120596110056
2024-04-02,136.59359741210938,23.908284261975517
2024-04-03,138.3275604248047,23.587963659708873
2024-04-08,139.0970916748047,23.62545086233175
2024-04-09,141.63963317871094,24.74126216802423
2024-04-10,142.4384307861328,24.70253334005589
2024-04-11,143.39306640625,24.686651700096483
2024-04-12,138.8341064453125,24.5947246384978
2024-04-15,136.51565551757812,24.21175436208257
2024-04-16,136.18447875976562,23.572530807852985
2024-04-17,135.43438720703125,23.9704166940071
2024-04-18,128.84918212890625,24.088939607864045
2024-04-19,124.39737701416016,22.417023844519544
2024-04-22,126.39437103271484,22.117799545085873
2024-04-23,129.9792022705078,22.421005924295184
2024-04-24,129.53109741210938,23.34030170182891
2024-04-25,133.0477294921875,22.746912651403576
2024-04-26,134.72325134277344,23.29078874449067
2024-04-29,134.91806030273438,23.65761335541302
2024-04-30,133.78805541992188,23.59942500792131
2024-05-02,132.70677185058594,23.03189012037392
2024-05-03,137.89892578125,23.364087879792105
2024-05-06,139.13609313964844,23.594217176862468
2024-05-07,137.4605712890625,24.0248147454488
2024-05-08,139.8861541748047,24.009865185851538
2024-05-09,139.0970916748047,23.852938365733817
2024-05-10,145.39979553222656,24.0284275101558
2024-05-13,142.62350463867188,24.47327753016939
2024-05-14,148.02023315429688,24.692553871709077
2024-05-15,151.55636596679688,25.15649316130638
2024-05-16,148.29298400878906,25.438781118502938
2024-05-17,147.75721740722656,25.184564272839253
2024-05-20,149.57884216308594,25.153085060961146
2024-05-21,149.69573974609375,25.30094709458284
2024-05-22,152.11160278320312,25.969501402281306
2024-05-23,153.02728271484375,26.30902790026922
2024-05-24,155.86204528808594,26.070996363104243
2024-05-28,155.28732299804688,26.133164457345927
2024-05-29,150.34840393066406,25.807934367926467
2024-05-30,149.00411987304688,25.077389213892157
2024-05-31,147.13377380371094,24.584299335678367
2024-06-03,150.94265747070312,25.24816188933559
2024-06-04,148.5267791748047,25.156026915358282
2024-06-05,158.70652770996094,25.594291594575495
2024-06-06,157.87850952148438,26.856888999071284
2024-06-07,160.13851928710938,26.441607083427588
2024-06-11,161.4243621826172,26.459161479178555
2024-06-12,168.50634765625,27.253593830436152
2024-06-13,168.96954345703125,27.75852010454789
2024-06-14,168.5786590576172,27.764637464392596
2024-06-17,173.20086669921875,27.69165820764293
2024-06-18,175.59503173828125,28.395261749229082
2024-06-20,171.38327026367188,29.4667076322223
2024-06-21,169.99563598632812,29.172151589071902
2024-06-24,163.98577880859375,28.25070281287815
2024-06-25,168.6666259765625,28.437438148295854
2024-06-26,168.14871215820312,28.753604747147598
2024-06-27,167.71875,28.657590559887343
2024-06-28,169.84902954101562,28.89016845685628
2024-07-01,168.40274047851562,28.966011710969802
2024-07-02,171.69598388671875,28.71098717252004
2024-07-03,178.33123779296875,29.23329699708295
2024-07-05,179.79705810546875,30.07077748870199
2024-07-08,182.3768768310547,31.07701688874611
2024-07-09,180.3149871826172,31.15213558898309
2024-07-10,186.69615173339844,31.26676137450441
2024-07-11,180.29542541503906,32.23523715650995
2024-07-12,183.08047485351562,31.233127424542154
2024-07-15,180.99900817871094,31.078438158786245
2024-07-16,181.80030822753906,31.501529380393364
2024-07-17,167.2985382080078,30.765145542422843
2024-07-18,167.95323181152344,30.08540109340225
2024-07-19,161.9922637939453,28.90580424440149
2024-07-22,165.4906768798828,27.860799209434468
2024-07-23,165.94998168945312,29.02328281060132
2024-07-26,158.24954223632812,27.53164265696813
2024-07-29,156.363525390625,27.99463444074466
2024-07-30,151.0181884765625,27.832479082297837
2024-07-31,162.02157592773438,27.728938357619864
2024-08-01,154.57521057128906,28.666387230836598
2024-08-02,146.44483947753906,26.845477269457213
2024-08-05,144.57835388183594,24.32417427866255
2024-08-06,151.84881591796875,26.19172218069144
2024-08-07,151.5067901611328,27.29955556879699
2024-08-08,160.800048828125,26.6916240935567
2024-08-09,163.31149291992188,28.029499988171096
2024-08-12,163.80984497070312,28.187989120086336
2024-08-13,168.41253662109375,28.389533395020386
2024-08-14,166.0965576171875,28.5422871084843
2024-08-15,169.99563598632812,28.666831956300584
2024-08-16,170.56239318847656,29.05090099989335
2024-08-19,171.45164489746094,29.44949584698905
2024-08-20,168.11935424804688,29.657145493933996
2024-08-21,167.5330352783203,29.214138886074927
2024-08-22,162.64697265625,29.183674756464764
2024-08-23,167.37669372558594,28.813210343730006
2024-08-26,165.21705627441406,29.098359654318468
2024-08-27,166.663330078125,28.80388115975
2024-08-28,165.3440704345703,29.582607243002297
2024-08-29,165.2952117919922,28.6775886623709
2024-08-30,167.787109375,28.820642711474093
2024-09-03,156.8325958251953,28.63291073911776
2024-09-04,157.20391845703125,27.0370867503357
2024-09-05,159.9694061279297,27.454774647847813
2024-09-06,153.24623107910156,27.896382586712047
2024-09-09,159.0703887939453,27.302881888386946
2024-09-10,158.72836303710938,27.384533059598997
2024-09-11,166.3506317138672,27.251215209631003
2024-09-12,168.14158630371094,28.602941999418533
2024-09-13,169.19107055664062,28.982035922419314
2024-09-16,165.836669921875,28.968424774152552
2024-09-18,164.07119750976562,28.78353076053819
2024-09-19,172.83970642089844,29.513015633548978
2024-09-20,170.74075317382812,29.92302556122179
2024-09-23,171.40771484375,29.838465597098974
2024-09-24,178.47940063476562,30.19673638098567
2024-09-25,178.8521270751953,30.97343298076466
2024-09-26,183.24620056152344,31.12159986217621
2024-09-27,174.55613708496094,31.054451713036784
2024-09-30,170.338623046875,29.610870443218882
2024-10-01,168.7693328857422,30.070226064299632
2024-10-04,177.68495178222656,29.81143853921097
2024-10-07,180.97068786621094,30.36047756612407
2024-10-08,182.4811553955078,30.71878764976628
2024-10-09,183.5502471923828,30.97645535985748
2024-10-11,187.1498260498047,31.71054485875768
2024-10-14,188.5229949951172,31.775188131768402
2024-10-15,183.5404510498047,32.51310002996991
2024-10-16,183.8837127685547,31.734692210232247
2024-10-17,201.89154052734375,31.46622583080217
2024-10-18,196.92860412597656,33.05524506586265
2024-10-21,198.07614135742188,33.08206825596116
2024-10-22,194.67271423339844,32.767964016088115
2024-10-23,197.00704956054688,32.348076171928525
2024-10-24,194.1332550048828,32.358181985270676
2024-10-25,199.53756713867188,32.5313530434011
2024-10-28,190.9456024169922,31.993139593636563
2024-10-29,193.16224670410156,31.737934607576108
2024-10-30,190.74942016601562,31.44337338310729
2024-11-01,189.248779296875,31.428415583955353
2024-11-04,187.88543701171875,31.828409126962054
2024-11-05,192.0048828125,32.14532571390046
2024-11-06,189.51361083984375,32.54294346996083
2024-11-07,197.3307342529297,32.178420803081906
2024-11-08,197.3405303955078,33.24282392386991
2024-11-11,190.32769775390625,32.88399580980927
2024-11-12,188.0914306640625,31.685805115201617
2024-11-13,183.07945251464844,31.194613376295774
2024-11-14,184.88414001464844,31.20115665083056
2024-11-15,182.44190979003906,31.077261885668353
2024-11-18,183.8837127685547,30.848485005169415
2024-11-19,186.03170776367188,31.31874052419445
2024-11-20,184.74684143066406,30.978556363890405
2024-11-21,187.5715789794922,30.387962513608393
2024-11-22,186.433837890625,31.258040511114274
2024-11-25,181.52976989746094,30.897407327109363
2024-11-26,180.3135528564453,30.519074429777575
2024-11-27,177.71438598632812,30.148836885163306
2024-11-29,181.11782836914062,29.945718489828703
2024-12-02,190.67095947265625,31.17134128494116
2024-12-03,195.07485961914062,31.62501904919972
2024-12-04,196.84031677246094,32.2006278786634
2024-12-05,200.38107299804688,32.50227402614129
2024-12-06,199.12562561035156,32.19016695880248
2024-12-09,195.34947204589844,32.427008640428156
2024-12-10,188.25816345214844,32.142434470906785
2024-12-11,190.86715698242188,31.390453510055632
2024-12-12,188.38369750976562,32.0007590455472
2024-12-13,197.76058959960938,32.17131428929966
2024-12-16,198.97080993652344,32.742898716011325
2024-12-17,197.4358673095703,32.52247690670731
2024-12-18,192.4178009033203,32.812060588074004
2024-12-19,191.51260375976562,32.112660456470216
2024-12-20,194.0413055419922,31.10793652241079
2024-12-23,204.02822875976562,32.47439225486425
2024-12-24,203.0147705078125,32.482358897855775
2024-12-26,199.79730224609375,32.53307208386108
2024-12-27,198.39028930664062,32.66940483775165
2024-12-30,197.17022705078125,32.582775684953205
2024-12-31,194.3168182373047,32.18196526086837
2025-01-02,198.34109497070312,31.84274621929073
2025-01-03,205.25816345214844,32.07446074279001
2025-01-06,216.47494506835938,33.522953461164086
2025-01-07,208.0229949951172,33.85349171135003
2025-01-08,203.79208374023438,33.11595050481254
2025-01-10,205.02197265625,32.859165858164516
2025-01-13,198.12461853027344,31.854956134142984
2025-01-14,198.2131805419922,32.340284215685585
2025-01-15,203.47723388671875,31.69644306258403
2025-01-16,211.3388214111328,33.04375025807596
2025-01-17,208.10169982910156,33.444386640718875
2025-01-21,215.18600463867188,33.9897845066828
2025-01-22,219.61370849609375,34.161701768968705
2025-02-03,196.58969116210938,31.965931271071153
2025-02-04,200.77139282226562,32.555117039405395
2025-02-05,205.2187957763672,33.09679418663341
2025-02-06,207.11776733398438,33.31658367850072
2025-02-07,202.80813598632812,33.64182999845882
2025-02-10,204.60874938964844,33.01164202022465
2025-02-11,205.3860626220703,33.12318183100231
2025-02-12,203.06396484375,32.886915369218585
2025-02-13,198.58706665039062,32.53586651079287
2025-02-14,200.6238250732422,31.87370152066017
2025-02-18,199.4824676513672,32.984147241393266
2025-02-19,197.72120666503906,32.669606696066964
2025-02-20,196.88487243652344,32.34527353679193
2025-02-21,195.05474853515625,32.84757685565307
2025-02-24,188.57064819335938,32.1691992254906
2025-02-25,186.32728576660156,31.64147582311308
2025-02-26,191.492919921875,31.715197957320427
2025-02-27,178.18031311035156,31.143402294271777
2025-03-03,170.19078063964844,30.40088812137659
2025-03-04,177.10784912109375,29.819381675943337
2025-03-05,181.31906127929688,30.503042936107647
2025-03-06,173.02452087402344,30.04869344029013
2025-03-07,174.25445556640625,29.99675230780144
2025-03-10,167.90806579589844,29.815860992416276
2025-03-11,168.22293090820312,28.974266990506493
2025-03-12,174.32330322265625,29.479564628168347
2025-03-13,168.83294677734375,28.760488322247518
2025-03-14,171.29278564453125,28.527830707617316
2025-03-17,173.40826416015625,28.89221006254755
2025-03-18,171.01193237304688,29.029991354646654
2025-03-19,171.63421630859375,28.44227458182765
2025-03-20,175.298828125,29.40670350987567
2025-03-21,174.56788635253906,29.032666032412198
2025-03-24,178.9436798095703,29.04349761539474
2025-03-25,178.68685913085938,29.548812914316326
2025-03-26,171.3773956298828,29.220244620944662
2025-03-27,166.1817626953125,28.52698470086069
2025-03-28,163.2283172607422,28.328714607391397
2025-03-31,163.9691619873047,27.01821101958306
2025-04-01,166.5768585205078,27.982735159089458
2025-04-02,168.30545043945312,27.953391149777953
2025-04-07,144.3817596435547,25.195096481793556
2025-04-08,139.64047241210938,24.378425163971922
2025-04-09,156.80784606933594,23.380964763575072
2025-04-10,149.28109741210938,26.09271296504941
2025-04-11,155.15829467773438,26.716329956536168
2025-04-14,153.93345642089844,26.335900825885155
2025-04-15,155.40524291992188,26.705549931320405
2025-04-16,149.81448364257812,25.91771666485344
2025-04-17,149.8836212158203,25.774492371971988
2025-04-22,149.5477752685547,24.783846020788303
2025-04-23,155.87936401367188,26.406810935365304
2025-04-24,162.17141723632812,26.167353362542826
2025-04-25,163.08018493652344,26.974813702501223
2025-04-28,161.4009552001953,27.178326035486926
2025-04-29,162.46775817871094,27.40829022188158
2025-04-30,164.6507110595703,27.6795558566448
2025-05-02,177.08670043945312,29.1493686699344
2025-05-05,174.24192810058594,30.100319196993198
2025-05-06,170.17233276367188,31.086209934722365
2025-05-07,172.4046630859375,30.501314254417665
2025-05-08,173.07635498046875,29.762501459976193
2025-05-09,174.3604736328125,30.89125881799833
2025-05-12,184.69248962402344,31.17494460936478
2025-05-13,191.61672973632812,31.4134937141734
2025-05-14,192.3773193359375,32.352094121529426
2025-05-15,191.8439178466797,32.24819464904848
2025-05-16,191.8439178466797,32.59611805518849
2025-05-19,191.13272094726562,32.10097417337607
2025-05-20,191.0833282470703,31.965353926373425
2025-05-21,189.41400146484375,32.35702964497512
2025-05-22,193.78981018066406,32.22833520761804
2025-05-23,189.6313018798828,32.26731890966607
2025-05-27,195.26158142089844,31.78379497778511
2025-05-28,193.74041748046875,31.796736193749467
2025-05-29,194.7380828857422,31.812447834493856
2025-06-02,192.45631408691406,31.20389691416395
2025-06-03,195.19244384765625,31.214307712602647
2025-06-04,199.923828125,32.55182352071784
2025-06-05,200.8523406982422,32.84106291976465
2025-06-06,202.66983032226562,32.738735083482055
2025-06-09,204.4675750732422,33.0982704972385
2025-06-10,209.8607635498047,34.420104867259404
2025-06-11,211.480712890625,35.108084086218135
2025-06-12,213.572509765625,34.68942708514968
2025-06-13,209.27984619140625,34.51841029559472
2025-06-16,213.82034301757812,34.37436383731534
2025-06-17,212.05569458007812,35.64920382248328
2025-06-18,211.65914916992188,35.21085996768191
2025-06-20,207.70355224609375,35.30111575955384
2025-06-23,208.50657653808594,34.174248979481646
2025-06-24,218.19232177734375,35.012329738321995
2025-06-25,220.81948852539062,35.940614306892385
2025-06-26,222.07852172851562,36.251553504425424
2025-06-27,226.59922790527344,37.08098663512439
2025-06-30,224.53717041015625,36.049057047327224
2025-07-01,222.7427520751953,36.75827873257897
2025-07-02,231.58584594726562,36.734003972775454
2025-07-03,232.77549743652344,37.23170077853506
2025-07-07,227.19403076171875,36.975779291622004
2025-07-08,225.8953399658203,36.76296700540106
2025-07-09,229.8410186767578,37.05390208959692
2025-07-10,227.77894592285156,37.26772824658281
2025-07-11,228.41342163085938,37.220066014625594
2025-07-14,226.69834899902344,37.08893815464521
2025-07-15,234.90696716308594,37.426482379085975
2025-07-16,235.51170349121094,38.046376945537034
2025-07-17,243.48239135742188,38.029684472328846
2025-07-18,238.32720947265625,38.86814266842115
2025-07-21,236.79058837890625,38.73307851377432
2025-07-22,232.5772247314453,38.11706549615476
2025-07-23,238.25782775878906,38.53712284060842
2025-07-24,239.51687622070312,38.754366437574134
2025-07-25,243.48239135742188,38.54761158307207
2025-07-28,240.65695190429688,38.441669251044665
2025-07-29,239.2491912841797,37.86823080790304
2025-07-30,240.81558227539062,38.49333088095612
2025-07-31,239.53668212890625,38.4804613139067
2025-08-04,236.9392852783203,37.66755275371815
2025-08-05,230.46559143066406,38.07711766911594
2025-08-06,229.37506103515625,37.183035993022344
2025-08-07,240.52806091308594,39.030467769596854
2025-08-08,239.744873046875,39.00406993101945
2025-08-11,240.0026397705078,39.11375576570262
2025-08-12,242.18365478515625,38.98706820427279
2025-08-13,239.35824584960938,39.74062238804131
2025-08-14,238.9220428466797,38.8326282209527
2025-08-15,236.82032775878906,38.81727113386196
2025-08-18,239.3284912109375,38.93376585818635
2025-08-19,230.693603515625,39.0517292812766
2025-08-20,226.62896728515625,37.3018541268818
2025-08-21,225.36990356445312,37.57914919555569
2025-08-22,230.98110961914062,36.80227021734186
2025-08-25,233.5586700439453,38.122913137700394
2025-08-26,236.6616973876953,38.18937057245018
2025-08-27,237.22677612304688,38.54698981268813
2025-08-28,236.215576171875,37.54031520440351
2025-08-29,228.87937927246094,37.641514557225804
2025-09-02,226.4207763671875,37.47865935970886
2025-09-03,229.3948974609375,37.33395737003767
2025-09-04,233.1819610595703,37.36069140859949
2025-09-05,241.31124877929688,38.03950959503113
2025-09-08,245.0586700439453,38.30784190064265
2025-09-09,248.75650024414062,39.147088282952986
2025-09-10,258.1944274902344,39.935660071212304
2025-09-11,256.6776123046875,40.578153840544545
2025-09-12,257.093994140625,41.160218035948574
2025-09-15,259.1263122558594,41.00378825810036
2025-09-16,260.62005615234375,42.114147434266364
2025-09-17,261.3460693359375,41.82410663967734
2025-09-18,267.1639404296875,42.43000016863259
2025-09-19,263.41461181640625,41.73618012369245
2025-09-22,271.1319885253906,42.576789152503686
2025-09-23,281.1566162109375,44.05381607025082
2025-09-24,279.1675720214844,43.97188837531056
2025-09-25,275.13983154296875,43.187059821415616
2025-09-26,271.8579406738281,42.25798419624555
2025-09-30,277.7554016113281,42.5643889996217
2025-10-01,286.88494873046875,43.23957026716326
2025-10-02,286.52691650390625,44.53774989746599
2025-10-03,290.5845031738281,45.65455188064217
2025-10-07,292.4143981933594,46.72428911480657
2025-10-08,302.84674072265625,46.0335531018846
2025-10-09,298.2322692871094,46.86482306084189
2025-10-13,301.2257385253906,45.840949831600994
2025-10-14,294.31390380859375,46.12580546187437
2025-10-15,303.0357360839844,47.43153119054085
2025-10-16,298.1924743652344,48.19545634314703
2025-10-17,293.4586181640625,47.056304726167596
2025-10-20,296.0642395019531,48.01420244981297
2025-10-21,292.89178466796875,48.052807051479334
2025-10-22,287.2926940917969,47.279825214782136
2025-10-23,289.1325378417969,46.852438572500134
2025-10-27,296.6112365722656,47.68500777178402
2025-10-28,299.8731994628906,47.88451407055315
2025-10-29,303.41363525390625,48.951217484927135
2025-10-30,301.55389404296875,48.75630954166956
2025-10-31,298.77923583984375,48.49075379023379
2025-11-03,303.18487548828125,48.73299374019737
2025-11-04,292.43426513671875,48.380971284999426
2025-11-05,292.02655029296875,46.9102276610147
2025-11-06,287.65069580078125,47.11064281492546
2025-11-07,284.92578125,46.81967561133723
2025-11-10,293.6475524902344,47.31902602207678
2025-11-11,289.57012939453125,46.99821638010776
2025-11-12,289.02313232421875,47.322847288359135
2025-11-13,280.6494445800781,46.6911111540914
2025-11-14,283.2550048828125,45.64237059341313
2025-11-17,280.46044921875,46.98213748640863
2025-11-18,276.38299560546875,44.77236100949801
2025-11-19,280.8184814453125,44.55631032864037
2025-11-20,275.9752197265625,46.353787933883886
2025-11-21,273.5486145019531,43.885725410082905
2025-11-24,283.0760192871094,43.587627169356026
2025-11-25,283.11578369140625,44.73074223399426
2025-11-26,288.36676025390625,45.576148956965326
2025-11-28,289.90826416015625,45.682977765577014
2025-12-01,286.0992736816406,44.64257131623464
2025-12-02,290.48504638671875,45.24825652806413
2025-12-03,293.8266296386719,45.87232948721344
2025-12-04,291.3204345703125,45.841594681811415
2025-12-05,293.1006164550781,46.24318090172682
2025-12-08,300.2113037109375,47.48953169084071
2025-12-09,301.74285888671875,47.17793381078405
2025-12-10,308.4359130859375,47.995954958625944
2025-12-11,303.993408203125,47.14803546832569
2025-12-12,291.21942138671875,47.31181221276694
2025-12-15,286.9314880371094,46.145590521945
2025-12-16,286.0639343261719,45.65568997655502
2025-12-17,276.1817626953125,45.293768966130244
2025-12-18,283.88006591796875,45.060228299846905
2025-12-19,288.1380920410156,45.22894987091514
2025-12-22,292.4559020996094,46.35094998721629
2025-12-23,296.1156311035156,47.09961327015548
2025-12-24,297.96038818359375,47.32174792954897
2025-12-26,301.9890441894531,47.67437264063768
2025-12-29,300.074462890625,48.59861232785464
2025-12-30,298.7381896972656,48.37686106687352
2025-12-31,303.0361328125,49.44882500048075
2026-01-02,318.7119140625,50.46865750888265
2026-01-05,321.3445129394531,53.081572338405415
2026-01-06,326.50994873046875,53.99450131213317
2026-01-07,317.7845458984375,53.01497420193775
2026-01-08,317.1164245605469,53.404401376823664
2026-01-09,322.72064208984375,53.08439525569336
2026-01-12,330.8377685546875,53.31839457985601
2026-01-13,330.2793273925781,53.98937149734287
2026-01-14,326.19085693359375,53.90911551697022
2026-01-15,340.6800537109375,53.45815917284771
2026-01-16,341.4378967285156,54.94647293499423
2026-01-20,326.24072265625,56.078724305446144
2026-01-21,325.2036437988281,54.74165068796224
2026-01-22,326.45013427734375,55.44489257358966
2026-01-23,333.9290466308594,55.85878663058744
2026-01-26,331.7751159667969,55.761814285524935
2026-01-27,337.3893127441406,56.430763223967276
2026-01-28,341.3381652832031,58.31127617191526
2026-01-29,338.59588623046875,57.53607759195953
2026-01-30,329.63116455078125,56.41364013627316
2026-02-02,340.40081787109375,55.70275533155363
2026-02-03,334.80657958984375,56.81795730058207
2026-02-04,324.82470703125,56.351432722483835
2026-02-05,329.8006896972656,55.57237062732212
2026-02-06,347.8697814941406,56.0593586991594
2026-02-09,354.4113464355469,57.295249104255944
2026-02-10,360.89306640625,59.37309983986374
2026-02-11,373.0388488769531,60.63694816469193
2026-02-23,369.000244140625,60.100320086649354
2026-02-24,384.66607666015625,62.30705432862598
2026-02-25,386.6405334472656,64.0099672736077
2026-02-26,375.751220703125,63.59352187938842
2026-03-02,368.07281494140625,62.74349866160359
2026-03-03,352.13775634765625,61.16084619384904
2026-03-04,356.4356384277344,58.578653189688154
2026-03-05,352.8656921386719,59.8742085754228
2026-03-06,337.9377746582031,59.04405435715703
2026-03-09,347.72021484375,56.729035256049634
2026-03-10,346.1147155761719,57.98326400836974
2026-03-11,353.563720703125,60.857845468372815
2026-03-12,335.7638854980469,59.062598135982924
2026-03-13,337.359375,58.281496550922
2026-03-16,339.2740173339844,57.177322198401114
2026-03-17,345.9800109863281,58.53811293987837
2026-03-18,339.57000732421875,59.74596162224352
2026-03-19,338.7900085449219,57.75618697961494
2026-03-20,329.239990234375,57.85781582573838
2026-03-23,338.45001220703125,56.52416634770011
2026-03-24,343.25,56.80748313784536
2026-03-25,347.75,57.79025055928572
2026-03-26,326.1099853515625,57.61541134889139
2026-03-27,326.739990234375,56.99968627012453
2026-03-30,316.5,55.66501047380588
2026-03-31,337.95001220703125,54.93304783331777
2026-04-01,341.489990234375,58.081463353864855
2026-04-02,339.0400085449219,56.558967006360135
2026-04-07,345.32000732421875,58.28163269379918
2026-04-08,365.8999938964844,61.1400280630352
2026-04-09,365.489990234375,61.632262166936
2026-04-10,370.6000061035156,63.04017637705598
2026-04-13,369.57000732421875,62.643623495254324
2026-04-14,379.8900146484375,64.94696970016639
2026-04-15,375.1000061035156,65.99612865782679
2026-04-16,363.3500061035156,66.00816814038791
2026-04-17,370.5,64.32600176446971
2026-04-20,366.239990234375,64.35108597585386
2026-04-21,368.0799865722656,65.24714214904078
